Q8A8T4	PF01926
Q8A2N7	PF13932
Q8A7W8	PF00440
Q8A7D2	PF04023
Q8A7D2	PF07664
Q8A7D2	PF17910
Q8A7D2	PF02421
Q8A7D2	PF07670
Q8AAC6	PF03600
Q8AAC6	PF02080
Q8A0T3	PF00270
Q8A0T3	PF00271
Q8A0T3	PF16124
Q8A994	PF11396
Q8A848	PF13181
Q8AA96	PF13472
Q8A0Z2	PF01253
Q8A1G7	PF00535
Q8A0H8	PF00398
Q89YS4	PF07940
Q89YS4	PF16889
Q89ZJ5	PF16115
Q8A883	PF00005
Q8A883	PF08402
Q89YY1	PF00126
Q89YY1	PF03466
Q8ABZ3	PF01051
Q8A9I8	PF18174
Q8A9I8	PF18175
Q8A9I8	PF05036
Q8AAH8	PF00356
Q8AAH8	PF13407
Q8A583	PF06831
Q8A583	PF06827
Q8A808	PF11832
Q8A113	PF07971
Q8A113	PF17678
Q89ZR1	PF13419
Q8A066	PF00295
Q8A066	PF12708
Q8A4U3	PF14771
Q8A327	PF01725
Q8A0Y9	PF02629
Q8A0Y9	PF06971
Q8A324	PF16874
Q8A324	PF16875
Q8A352	PF07715
Q8A352	PF00593
Q8A0V2	PF01618
Q8A3Q6	PF04616
Q8A5S0	PF06969
Q8A5S0	PF04055
Q8A2L7	PF04087
Q8AB66	PF13476
Q8A1N4	PF16149
Q8A1F8	PF00245
Q8ABF3	PF14059
Q8A9I9	PF00498
Q8A6J5	PF03060
Q8A9A0	PF00471
Q89ZJ1	PF00156
Q8A018	PF01715
Q8A651	PF00005
Q8A651	PF12848
Q89ZP2	PF13491
Q89ZP2	PF17854
Q89ZP2	PF09397
Q89ZP2	PF01580
Q8A0Q5	PF04397
Q8A0Q5	PF00072
Q8A860	PF00877
Q8A860	PF18348
Q8A1N2	PF00005
Q8A7J0	PF10988
Q8A638	PF00186
Q8A254	PF01225
Q8A254	PF02875
Q8A254	PF08245
Q8A2X6	PF02929
Q8A2X6	PF16353
Q8A2X6	PF00703
Q8A2X6	PF02836
Q8A2X6	PF02837
Q8A2M0	PF17864
Q8A2M0	PF05491
Q8A2M0	PF05496
Q8AAB5	PF03009
Q8A5Q2	PF00275
Q8A0M4	PF13411
Q8A0U1	PF05036
Q8AA69	PF02357
Q8A7D0	PF13237
Q8A791	PF01636
Q8A791	PF03668
Q8AA62	PF04230
E7MCA7	PF01165
Q8ABH2	PF12833
Q8ABH2	PF07494
Q8ABH2	PF07495
Q8A644	PF01189
Q8A644	PF17125
Q8A644	PF13636
Q8A2D0	PF00155
Q8A8A9	PF13508
Q8A652	PF00072
Q8A5X7	PF16323
Q8A5X7	PF16391
Q8A5X7	PF17166
Q8A9E0	PF00795
Q8A6Z8	PF04773
Q8A6Z5	PF04321
Q8A0E8	PF07971
Q8A0E8	PF17678
Q8A527	PF03739
Q8A3D1	PF01663
Q8A1H6	PF04616
Q8A488	PF00281
Q8A488	PF00673
Q8AAP4	PF01327
Q8A7G1	PF01966
Q8A5V9	PF13419
Q8A8G4	PF02350
Q8AAH3	PF01618
Q8A626	PF02224
Q8A0H5	PF09820
Q8A0H5	PF08011
Q89Z60	PF08463
Q89Z60	PF04313
Q89Z60	PF04851
Q8A919	PF13185
Q8A919	PF02518
Q8A919	PF00512
Q8A919	PF08447
Q8A919	PF13426
Q8A2L1	PF14509
Q8A2L1	PF14508
Q8A2L1	PF10566
Q8A8E8	PF04261
Q8A0T6	PF00155
Q8A7J5	PF02954
Q8A7J5	PF00072
Q8A7J5	PF00158
Q8AAD2	PF00291
Q8A7F8	PF06508
Q8A1V6	PF03462
Q8A1V6	PF00472
Q8A478	PF00276
Q89ZW4	PF02811
Q8A6L0	PF14509
Q8A6L0	PF14508
Q8A6L0	PF10566
Q8AAD8	PF00290
Q8A131	PF00076
Q8A9K4	PF00588
Q8A2T1	PF03641
Q89ZR0	PF01963
Q8A822	PF00534
Q8A9I4	PF00270
Q8A9I4	PF00271
Q8A475	PF00338
Q8A8T3	PF16270
Q8ABY2	PF13595
Q8A251	PF01795
Q8A2G5	PF02929
Q8A2G5	PF16353
Q8A2G5	PF00703
Q8A2G5	PF02836
Q8A2G5	PF02837
Q8A339	PF01926
Q8A339	PF06071
Q8A9A9	PF07584
Q8A9A9	PF00092
Q8A1M4	PF09820
Q8A1M4	PF08011
Q8AAY3	PF01558
Q8A7P5	PF00005
Q8A7P5	PF16326
Q8A7P5	PF12848
Q89ZD2	PF09820
Q89ZD2	PF08011
Q8A242	PF01551
Q8A0X3	PF05569
Q8A0X3	PF03544
Q89ZJ8	PF07690
Q8A7C3	PF00448
Q8A7C3	PF02881
Q8A7C3	PF02978
Q8A4R9	PF02690
Q8A4R9	PF01895
Q8A029	PF04055
Q8A386	PF00085
Q8A8U8	PF02195
Q8A484	PF00831
Q89Z74	PF01575
Q89ZP1	PF16584
Q8A996	PF04357
Q8A7X4	PF01738
Q8A9W8	PF13419
Q8A8Q2	PF00248
Q89ZW8	PF00885
Q8AAT5	PF00984
Q8AAT5	PF03721
Q8A8L9	PF00881
Q8A3V4	PF02518
Q89YZ3	PF01479
Q8A0P7	PF12833
Q8A1S3	PF01408
Q8A4J3	PF17761
Q8A4J3	PF06250
Q8A7M1	PF13102
Q8A7M1	PF00589
Q8A2A3	PF02576
Q8A2A3	PF17384
Q8A487	PF00467
Q8A487	PF17136
Q8A006	PF08501
Q8A807	PF12706
Q8A6N3	PF01475
Q8A1E0	PF01255
Q89YZ1	PF01386
Q89YZ1	PF14693
Q89ZC4	PF01242
Q8A298	PF00005
Q8A496	PF00344
Q8A0Q0	PF00255
Q8A1A4	PF01316
Q8A1A4	PF02863
Q89YY5	PF18347
Q8A303	PF04326
Q8A303	PF13749
Q8A9I0	PF01702
Q89YP3	PF00924
Q8A684	PF08436
Q8A684	PF02670
Q8A684	PF13288
Q8A5Z7	PF01131
Q8A5Z7	PF01751
Q8A1B0	PF07883
Q8A1B0	PF12844
Q8A2B8	PF11959
Q8A2B8	PF01522
Q8A685	PF17820
Q8A685	PF02163
Q8A2D1	PF02786
Q8A221	PF00884
Q8A4P9	PF04389
Q8A135	PF14714
Q8A135	PF01926
Q8A733	PF01197
Q8A5S9	PF01408
Q8A544	PF03352
Q8A6V8	PF00703
Q8A6V8	PF02836
Q8A6V8	PF02837
Q89YL6	PF00210
Q89YS5	PF16347
Q89YS5	PF00884
Q8A8C5	PF00005
Q8A8C5	PF12848
Q8AAZ9	PF00258
Q8A1Y0	PF06824
Q8A639	PF00303
Q8ABK4	PF01872
Q8A3J5	PF04616
Q8A276	PF01649
Q8A7E5	PF14730
Q89YQ6	PF14099
Q8A7M8	PF00571
Q8A7M8	PF03471
Q8A7M8	PF01595
Q8A036	PF17851
Q8A036	PF04616
Q8A2N8	PF00156
Q8A838	PF01042
Q8A4A0	PF00411
Q8AB03	PF07992
Q8AB03	PF02852
Q8AAH0	PF02514
Q8A377	PF12900
Q8A2B2	PF01202
Q89Z20	PF07676
Q8A7A6	PF07715
Q8A7A6	PF07660
Q8A7A6	PF00593
Q89YY8	PF02699
Q8ABH8	PF14509
Q8ABH8	PF14508
Q8ABH8	PF10566
Q8A2G2	PF03061
Q8A418	PF00312
Q8A3F1	PF13676
Q8A453	PF01451
Q8A7P4	PF12712
Q8A7P4	PF12713
Q8A464	PF00467
Q8A464	PF02357
Q8A3U4	PF02518
Q8A3U4	PF00512
Q8A3U4	PF12833
Q8A3U4	PF07494
Q8A3U4	PF00072
Q8A3U4	PF07495
Q8A5T7	PF00535
Q8AB62	PF02965
Q8A129	PF00574
Q8A1L7	PF01225
Q8A1L7	PF02875
Q8A1L7	PF08245
Q8A0F8	PF12838
Q89ZF2	PF01791
Q8A7B5	PF12169
Q8A8L1	PF02508
Q8ABD0	PF02310
Q8ABD0	PF02607
Q8ABD0	PF00809
Q8ABD0	PF02574
Q8A6Z4	PF16271
Q8A5N1	PF02367
Q8AAY5	PF00497
Q8A6R6	PF13185
Q8AAT1	PF02350
Q8A9A8	PF07584
Q8A9A8	PF00092
Q8A9X1	PF00005
Q8A399	PF13085
Q8A399	PF12838
Q8A743	PF14322
Q8A743	PF07980
Q8A631	PF01618
Q8A7G4	PF01729
Q8A7G4	PF02749
Q8A2K2	PF03880
Q8A2K2	PF00270
Q8A2K2	PF00271
Q8A667	PF02503
Q8A667	PF13090
Q8A667	PF17941
Q8A667	PF13089
Q8A8B0	PF01661
Q8A489	PF00253
Q8A1M5	PF01118
Q8A1M5	PF02774
Q8A8G7	PF14059
Q8A123	PF00639
Q8A443	PF01923
Q8A542	PF01676
Q8A542	PF10143
Q8A495	PF00828
Q8AA88	PF01476
Q8A8T1	PF03169
Q8ABC6	PF00485
Q8A7Z2	PF01965
Q8A9P4	PF00128
Q8A9P4	PF02806
Q8A9P4	PF02922
Q8A5I9	PF03193
Q8A5I9	PF16745
Q89ZM7	PF03819
Q8A4W9	PF06537
Q8A0M0	PF17762
Q8A0M0	PF02195
Q8A8K9	PF04205
Q8A134	PF00005
Q8A8B1	PF09862
Q8A5J0	PF01765
Q8A094	PF01182
Q8A096	PF04055
Q8A096	PF16199
Q8A8W0	PF12705
G8JZS9	PF00027
G8JZS9	PF13545
Q89YJ8	PF01381
Q89YZ0	PF11680
Q8ABH7	PF01380
Q89YJ4	PF04055
Q8A035	PF16153
Q8A3J6	PF17829
Q8A3J6	PF15979
Q8A7U6	PF03992
Q8A4D1	PF01618
Q8A9C0	PF00701
Q8A747	PF10728
Q8A747	PF03807
Q8A864	PF13645
Q8A494	PF00327
Q89ZI7	PF03483
Q8A9B2	PF08239
Q8A9B2	PF00515
Q8A128	PF07724
Q8A128	PF10431
Q8A128	PF06689
Q8A255	PF00953
Q8A2K0	PF00294
Q89Z26	PF01926
Q89Z26	PF12631
Q89Z26	PF10396
Q8A8Y5	PF07971
Q8A8Y5	PF17678
Q89Z69	PF02810
Q89ZY2	PF11644
Q8A9N1	PF00076
Q8A274	PF09820
Q8A274	PF08011
Q8A107	PF00579
Q8A477	PF00573
Q8A5Y8	PF01497
Q89Z39	PF12161
Q89Z39	PF02384
Q8A2Y6	PF16338
Q8A2Y6	PF17137
Q8A2Y6	PF00754
Q8A2Y6	PF01055
Q89ZQ6	PF00675
Q89ZQ6	PF05193
Q8A5I6	PF02321
Q8AAT3	PF08485
Q8AAT3	PF02719
Q8A455	PF00749
Q8A5N9	PF07971
Q8A5N9	PF17678
Q8A801	PF00210
Q8AA78	PF07676
Q8AA78	PF00326
Q8A020	PF05569
Q8A020	PF07715
Q8A8C7	PF13306
Q8A3C4	PF00149
Q8A3C4	PF16371
Q8A3C4	PF13360
Q8A3C4	PF13570
Q8AAP1	PF00707
Q8AAP1	PF05198
Q8AA34	PF09719
Q8AA86	PF04073
Q8A749	PF02545
Q8ABW7	PF13614
Q8AAD9	PF00710
Q8AAD9	PF17763
Q8A2I5	PF05173
Q8A2I5	PF01113
Q89ZJ9	PF03840
Q89ZN2	PF00575
Q8A829	PF14305
Q89YQ5	PF11396
Q8AA66	PF00984
Q8AA66	PF03721
Q89Z38	PF13310
Q8A1N1	PF16357
Q8A1L2	PF01523
Q8A9A5	PF07726
Q8A9A5	PF17863
Q8A1I6	PF04616
Q8A2B0	PF00696
Q8A8E2	PF01370
Q8A334	PF01624
Q8A334	PF05188
Q8A334	PF05192
Q8A334	PF05190
Q8A334	PF00488
Q8A0S1	PF02878
Q8A0S1	PF02879
Q8A0S1	PF02880
Q8A0S1	PF00408
Q8A0V1	PF02472
Q8A9X5	PF02954
Q8A9X5	PF00072
Q8A9X5	PF00158
Q8A0Y2	PF00082
Q8A8K7	PF05896
Q8A8K7	PF11973
Q8A5S7	PF03948
Q8A5S7	PF01281
Q8A2Q1	PF00930
Q8A2Q1	PF00326
Q8AB89	PF13173
Q8AB89	PF13635
Q8A048	PF13472
Q8A498	PF01176
Q8A7G0	PF14489
Q8A636	PF16217
Q8A636	PF09471
Q8A988	PF03129
Q8A988	PF09180
Q8A988	PF00587
Q8A7Z5	PF00977
Q8A2B9	PF00664
Q8A2B9	PF00005
Q8A0A0	PF07715
Q8A009	PF04011
Q8ABE6	PF00207
Q8ABE6	PF07703
Q8ABE6	PF11974
Q8ABE6	PF17972
Q8ABE6	PF17962
Q8ABE6	PF01835
Q8A2P0	PF02580
Q8AB73	PF10459
Q8A670	PF16363
Q89Z42	PF12008
Q89Z42	PF04313
Q89Z42	PF18766
Q8A2G3	PF11306
Q8A2M9	PF16313
Q8A2M9	PF17148
Q8A2M9	PF17162
Q8A0X5	PF03544
Q8A541	PF00696
Q8A541	PF13840
Q8A541	PF00742
Q8A541	PF03447
Q8A3A0	PF00890
Q8A3A0	PF02910
Q8A5T2	PF01261
Q8A446	PF00710
Q8A446	PF17763
Q8A011	PF03462
Q8A011	PF00472
Q8A0M9	PF16344
Q8A0M9	PF04773
Q8AA40	PF00772
Q8AA40	PF03796
Q89Z17	PF02424
Q8A7H3	PF16313
Q8A7H3	PF17148
Q8A7H3	PF17162
Q8A6X0	PF07661
Q8A0S3	PF01368
Q8A6J7	PF00313
Q02550	PF04055
Q02550	PF13186
Q8A007	PF00326
Q8A130	PF05697
Q8A8C4	PF01025
Q89YN1	PF00425
Q8A6B6	PF12833
Q8A3H6	PF01037
Q8A3H6	PF13404
Q8A0V3	PF03740
Q8ABF8	PF00756
Q8A6X9	PF13173
Q8A9E5	PF00155
Q8ABA9	PF00815
Q8A572	PF12867
Q8A0H3	PF07610
Q8A0Y6	PF00149
Q8A0S8	PF01300
Q8A6W7	PF16352
Q8A6W7	PF08244
Q8A6W7	PF00251
Q8A6Z6	PF00009
Q8A6Z6	PF16658
Q8A6A6	PF16654
Q8A6A6	PF01118
Q8A7H5	PF03577
Q8A2S9	PF02602
Q8A8L2	PF00970
Q8A8L2	PF00111
Q8A8L2	PF00175
Q8A4U2	PF17783
Q8A4U2	PF13509
Q8A792	PF00483
Q8A760	PF14114
Q89ZS6	PF00027
Q89ZS6	PF13545
Q8A028	PF00930
Q8A028	PF00326
Q8A1G4	PF00149
Q89YZ2	PF01195
Q8A6L9	PF00682
Q8A6L9	PF08502
Q8A9H9	PF05362
Q89ZQ4	PF00781
Q8A3Z4	PF03372
Q8A3Z4	PF00149
Q8A3Z4	PF16656
Q8AAE7	PF01808
Q8A047	PF07470
Q89ZM0	PF07715
Q89ZM0	PF00593
Q8A4B7	PF00873
Q8ABD4	PF14300
Q8A7A1	PF16385
Q8A7A1	PF00884
Q8A9A2	PF04055
Q8A9A2	PF18693
Q8A9A2	PF00919
Q8A5K9	PF07733
Q8A5K9	PF17657
Q8A5K9	PF14579
Q8A5K9	PF02811
Q8A5K9	PF01336
Q8AAV2	PF07715
Q8AAV2	PF00593
Q8ABE1	PF03372
Q8A9M6	PF00698
Q8A9E4	PF00781
Q8AAN5	PF01558
Q8AAE6	PF01814
Q8A139	PF02620
Q8A650	PF06414
Q8A463	PF00009
Q8A463	PF03144
Q8A463	PF03143
Q8A0U4	PF07659
Q8A8E3	PF16363
Q8AAP7	PF13201
Q8A2Z3	PF16387
Q8A2Z3	PF03009
Q8AAP5	PF03652
Q8A814	PF00588
Q8A814	PF08032
Q8A9R9	PF00675
Q8A9R9	PF05193
Q8A5L0	PF00085
Q8A7Z7	PF01502
Q8A7Z7	PF01503
Q8A8Y4	PF04041
Q8A7E1	PF08534
Q8AB09	PF01734
Q8A3B9	PF13180
Q8A3B9	PF03572
Q8A537	PF01494
Q8A9Y8	PF00085
Q8A9B1	PF13584
Q89YR4	PF16355
Q89YR4	PF18565
Q89YR4	PF00703
Q89YR4	PF02836
Q89YR4	PF02837
Q8A2M2	PF02130
Q8A0Z4	PF00318
Q8A7S7	PF02518
Q8A7S7	PF00512
Q8A7S7	PF08448
Q8A7S7	PF13188
Q8A7S7	PF00072
Q8A9Q8	PF16355
Q8A9Q8	PF00703
Q8A9Q8	PF02836
Q8A9Q8	PF02837
Q8A9D3	PF01784
Q8AB93	PF00881
Q8A423	PF00483
Q8A1V9	PF07687
Q8A1V9	PF01546
Q8A0M3	PF13291
Q8A0M3	PF04607
Q8A0M3	PF02824
Q8A8Y8	PF07715
Q8A6M5	PF00291
Q8AA22	PF01938
Q8AA22	PF05958
Q8AAB4	PF00733
Q8AAB4	PF13537
Q8A246	PF01966
Q8A246	PF13286
Q8A543	PF00291
Q8A543	PF14821
Q8A3X5	PF03485
Q8A3X5	PF05746
Q8A3X5	PF00750
Q8A0U9	PF01965
Q8A277	PF00204
Q8A277	PF00986
Q8A277	PF02518
Q8A277	PF01751
Q8A6Y8	PF02638
Q8A3K7	PF00535
Q8A9P9	PF13181
Q8A910	PF10988
Q8A999	PF00830
Q89ZW7	PF09976
Q8A9Y4	PF00672
Q8A9Y4	PF02518
Q8A9Y4	PF00512
Q89ZQ2	PF07715
Q8AAT2	PF01370
Q8A774	PF00106
Q8A774	PF01128
Q8A634	PF02472
Q8A3K9	PF00984
Q8A3K9	PF03720
Q8A3K9	PF03721
Q8A164	PF00675
Q8A164	PF05193
Q8A2B1	PF17810
Q8A2B1	PF17944
Q8A2B1	PF02784
Q8A5J7	PF00696
Q89ZK5	PF04055
Q8A677	PF00625
Q8A166	PF02954
Q8A166	PF00072
Q8A166	PF00158
Q8A467	PF00466
Q8A012	PF00215
Q8A0X9	PF01063
Q89ZB9	PF08543
Q89ZG6	PF15425
Q89YX3	PF08837
Q8A5S2	PF02518
Q8A5S2	PF00512
Q8A338	PF02558
Q8A338	PF08546
Q8A263	PF09424
Q8A472	PF00164
Q8A3C1	PF00204
Q8A3C1	PF00986
Q8A3C1	PF02518
Q8A3C1	PF01751
Q8A0B5	PF04962
Q8A2D9	PF00535
Q8A383	PF01136
Q8AAZ1	PF00383
Q8A1E3	PF03938
Q8A750	PF13181
Q8A6M0	PF00180
Q8A1M2	PF00899
Q8A0Z6	PF00572
Q8A3H8	PF00254
Q8A3H8	PF01346
Q8A0Y7	PF02542
Q8A6N9	PF00326
Q8A375	PF00291
Q89Z57	PF01420
Q8A468	PF00542
Q8A468	PF16320
Q8A531	PF04204
Q8A4U9	PF02321
Q8A092	PF05170
Q8A092	PF13502
Q89YJ3	PF01228
Q89YJ3	PF02901
Q8A2P4	PF00348
Q8AA10	PF02777
Q8AA10	PF00081
Q8A1F6	PF00468
Q8A610	PF01842
Q8A610	PF10369
Q8A7Z9	PF00696
Q8A2N0	PF16313
Q8A2N0	PF17148
Q8A2N0	PF17162
Q8A9C4	PF10418
Q8A9C4	PF00175
Q8A1F2	PF01553
Q8AA53	PF01041
Q8A9C3	PF01180
Q8AA76	PF02096
Q8AA76	PF14849
Q8A753	PF00162
Q8A6P3	PF02906
Q8A6P3	PF00037
Q8A681	PF00275
Q8A2I8	PF08889
Q8AA87	PF17755
Q8AA87	PF17760
Q8A365	PF07715
Q8A365	PF00593
Q8A8G9	PF04011
Q89ZR8	PF02569
Q8A7N9	PF17127
Q8A7N9	PF13905
Q8A783	PF09820
Q8A783	PF08011
Q8A0M2	PF01476
Q8A0M2	PF01464
Q8AB67	PF00149
Q8AB67	PF12320
Q8A2B7	PF00535
Q8A2B7	PF09594
Q8A1S2	PF01182
Q8A237	PF06439
Q8A9B7	PF00004
Q8A9B7	PF07724
Q8A9B7	PF17871
Q8A9B7	PF02861
Q8A9B7	PF10431
Q8A2W2	PF13336
Q8A2W2	PF02550
Q8A529	PF00155
Q8A0Z9	PF00849
Q8A0Z9	PF01479
Q89Z37	PF01420
Q8A408	PF09586
Q8A8U0	PF00155
Q8AAH1	PF02514
Q8A158	PF00005
Q8A158	PF16326
Q8A158	PF12848
Q8A4B3	PF00221
Q89Z40	PF07510
Q89Z40	PF03235
Q8A0Z3	PF00889
Q8A9H8	PF00004
Q8A9H8	PF02190
Q8A6R1	PF01212
Q8A858	PF00881
Q8A479	PF00181
Q8A479	PF03947
Q89ZR6	PF10418
Q89ZR6	PF14691
Q89ZR6	PF00175
Q89ZR6	PF07992
Q89ZC0	PF02589
Q8A1H2	PF09924
Q8A4D7	PF16499
Q8A4D7	PF17801
Q89ZY0	PF02929
Q89ZY0	PF16353
Q89ZY0	PF00703
Q89ZY0	PF02836
Q89ZY0	PF02837
Q89Z59	PF12161
Q89Z59	PF02384
Q8A600	PF02275
Q8AAW3	PF16375
Q8AAW3	PF07944
Q8A0P8	PF02547
Q8A3W7	PF02775
Q8A581	PF12844
Q89ZV7	PF01741
Q89ZV9	PF01432
Q8A126	PF00571
Q8A126	PF00478
Q8A6Y6	PF17755
Q8A6Y6	PF17760
Q8A0C5	PF13472
Q8A084	PF02518
Q8A084	PF00512
Q8A084	PF12833
Q8A084	PF07494
Q8A084	PF00072
Q8A084	PF07495
Q8A2Q6	PF01297
Q8A2B4	PF01693
Q8A2B4	PF00075
Q8AA47	PF01512
Q8AA47	PF13237
Q8AA47	PF13375
Q8AA47	PF10531
Q8A1N8	PF08486
Q8A0Z5	PF00380
Q8ABA7	PF00475
Q8A738	PF00932
Q8A738	PF04277
Q8A633	PF02472
Q8A7M5	PF00216
Q8A6T7	PF03051
Q8ABC5	PF07876
Q8A7I5	PF00383
Q8A9Y1	PF00501
Q8A102	PF03883
G8JZS4	PF14509
G8JZS4	PF14508
G8JZS4	PF10566
Q8ABP4	PF00691
Q8A225	PF07715
Q8A4M6	PF13520
Q8AAP3	PF00515
Q8AAP3	PF13174
Q8A5U6	PF02470
Q8A2E7	PF00109
Q8A2E7	PF02801
Q8A742	PF07715
Q8A742	PF00593
Q8AAH7	PF00294
Q8ABV1	PF12849
Q8A4S3	PF05592
Q8A4S3	PF17389
Q8A4S3	PF17390
Q8A4S3	PF08531
Q8A1F3	PF07478
Q8A1F3	PF01820
Q8A6P7	PF00166
Q8A2F0	PF03321
Q8A9D2	PF02591
Q8A0E1	PF01436
Q8A0E1	PF01833
Q8A9F9	PF02954
Q8A9F9	PF00072
Q8A9F9	PF00158
Q8AAA7	PF00483
Q8A744	PF00484
Q8A197	PF16231
Q8A9R8	PF02493
Q8A417	PF00679
Q8A417	PF00009
Q8A417	PF03144
Q8A839	PF08245
Q8A380	PF01370
Q8A017	PF07929
Q8A492	PF00861
Q8A877	PF01813
Q89YS0	PF16319
Q8ABF9	PF09413
Q8A010	PF02769
Q8A5V1	PF07075
Q8A261	PF02491
Q8A862	PF13180
Q8A414	PF01293
Q8A7S2	PF12984
Q8A7S2	PF00691
Q8A506	PF02872
Q8A476	PF00297
Q89ZR3	PF01016
Q8A384	PF03061
Q8A830	PF13439
Q8A830	PF00534
Q8AA33	PF00679
Q8AA33	PF00009
Q8AA33	PF03144
Q8AA33	PF06421
Q8A9R5	PF00072
Q8AAW4	PF06964
Q89ZH1	PF16141
Q8A0Q6	PF07971
Q8A0Q6	PF17678
Q8ABD1	PF01668
Q8A3Z2	PF10417
Q8A3Z2	PF00578
Q8A2M3	PF16313
Q8A2M3	PF17148
Q8A2M3	PF17162
Q8A279	PF11307
Q8A607	PF00254
Q8A3K8	PF13439
Q8A3K8	PF00534
Q8A6M1	PF16023
Q8A165	PF00160
Q8A6K0	PF01048
Q8A2I6	PF10502
Q8A3W3	PF00224
Q8A3W3	PF02887
Q8A0Q9	PF07971
Q8A0Q9	PF17678
Q8A194	PF00849
Q8ABA8	PF00155
Q8A1G9	PF01515
Q8A803	PF00155
Q8A836	PF00908
Q8A0B2	PF01095
Q8A2G8	PF02321
Q8A1Z0	PF16344
Q8A1Z0	PF04773
Q8A480	PF00203
Q8A805	PF14254
Q8AA91	PF01192
Q8A1G5	PF01883
Q8A9C2	PF01746
Q8A262	PF12327
Q8A262	PF00091
Q8A2J1	PF14310
Q8A2J1	PF00933
Q8A2J1	PF01915
Q8A137	PF08545
Q8A137	PF08541
Q8A0M6	PF02272
Q8A0M6	PF01411
Q8A0M6	PF07973
Q8A299	PF01458
P94598	PF00208
P94598	PF02812
Q8A368	PF13199
Q8A1G8	PF00871
Q8A3J3	PF13472
Q89YM9	PF00378
Q8A756	PF02912
Q8A756	PF01409
Q8AA38	PF01709
Q89YN2	PF03061
Q89YW4	PF17293
Q89YW4	PF13102
Q89YW4	PF00589
Q8A9X8	PF03063
Q8A0H4	PF00207
Q8A0H4	PF17973
Q8A0H4	PF01835
Q8A6J4	PF00076
Q8A843	PF14902
Q8A406	PF17820
Q8A406	PF03572
Q8A725	PF09820
Q8A157	PF05649
Q89ZR9	PF08323
Q8A4B6	PF16576
Q8A6B4	PF00199
Q8A6B4	PF06628
Q8A7Z6	PF00977
Q8A623	PF03413
Q8A623	PF03929
Q8A9K8	PF01258
Q8A493	PF00333
Q8A493	PF03719
Q8A810	PF00712
Q8A810	PF02767
Q8A810	PF02768
Q89ZW2	PF13180
Q89ZW2	PF03572
Q8A9P5	PF04074
Q8A824	PF16363
Q8A1E2	PF03938
Q8A7Z4	PF00117
Q8A2G6	PF16576
Q8A4D6	PF07719
Q8A4D6	PF13181
Q8AB06	PF02321
Q8A845	PF08534
Q8A099	PF14322
Q8A099	PF07980
Q8A3A8	PF07715
Q8A3A8	PF00593
Q8A422	PF00501
Q8A422	PF13193
Q8A9W3	PF00302
Q8A2A1	PF00009
Q8A2A1	PF11987
Q8A2A1	PF04760
Q8A4V8	PF01245
Q8AAL6	PF16370
Q8AAL6	PF16371
Q8A103	PF00728
Q8A103	PF02838
Q8A5U3	PF02867
Q8A483	PF00252
Q8A2S5	PF00579
Q8A037	PF13419
Q8A474	PF00679
Q8A474	PF14492
Q8A474	PF03764
Q8A474	PF00009
Q8A474	PF03144
Q8A1X2	PF09832
Q8A9X7	PF00027
Q8A9X7	PF13545
Q8A6K3	PF07971
Q8A6K3	PF17678
Q8AAN9	PF00453
Q89ZA9	PF03960
Q89Z58	PF17761
Q89Z58	PF06250
Q89ZV6	PF00117
Q89ZV6	PF00958
Q89ZV6	PF02540
Q8A0A7	PF07715
Q8A0A7	PF00593
Q8A4Q5	PF13419
Q8A1A9	PF03807
Q8A1A9	PF14748
Q8A7W6	PF07676
Q8A7W6	PF03572
Q8A7W6	PF14684
Q8A1J6	PF01120
Q8A1J6	PF16757
Q8A7C9	PF00006
Q8A7C9	PF07498
Q8A7C9	PF07497
Q8AAY2	PF02775
Q89Z23	PF01048
Q8AA64	PF02350
Q8A612	PF01450
Q8A612	PF07991
Q8A122	PF13100
Q8A016	PF13720
Q8A016	PF00132
Q8A0H6	PF07687
Q8A0H6	PF01546
Q8A4Q1	PF13443
Q8AAM3	PF08522
Q8AAM3	PF00754
Q8A7R8	PF00085
Q89YT0	PF01261
Q89ZK3	PF04166
Q8A5Q9	PF09640
Q8A5Q9	PF01713
Q8A0F6	PF00329
Q8A0F6	PF00346
Q8A8K8	PF03116
Q8A4S4	PF05592
Q8A4S4	PF17389
Q8A4S4	PF17390
Q8A4S4	PF08531
Q8A9N0	PF00120
Q8A9N0	PF03951
Q8A1I1	PF07715
Q8A1I1	PF00593
Q8A9L1	PF00583
Q8A9L1	PF00795
Q8A8D9	PF06874
Q8A491	PF00347
Q8A3A3	PF16347
Q8A3A3	PF00884
Q8A4N5	PF14289
Q8A4N5	PF13905
Q8A4X2	PF01042
Q8A075	PF13229
Q8A075	PF12708
Q8AAL7	PF16373
Q8AAL7	PF02638
Q8AAL7	PF03629
Q8AAY1	PF17147
Q8AAY1	PF01855
Q8A6Z2	PF02769
Q8A6Z2	PF18072
Q8A6Z2	PF18076
Q89ZT3	PF09820
Q89ZT3	PF08011
Q8A095	PF00258
Q8A095	PF00753
Q8A0L4	PF00004
Q8A0L4	PF17862
Q8A0L4	PF06480
Q8A0L4	PF01434
Q8A857	PF00677
Q8A1S8	PF01408
Q8A465	PF00298
Q8A465	PF03946
Q8A7X1	PF13292
Q8A7X1	PF02779
Q8A7X1	PF02780
Q8A1E7	PF00696
Q8A1E7	PF01472
Q8AA51	PF13614
Q8AA51	PF13807
Q8AA51	PF02706
Q8A6V7	PF07971
Q8A6V7	PF17678
Q8A0Q8	PF07971
Q8A0Q8	PF17678
Q8A508	PF00144
Q8A508	PF00933
Q8A1F7	PF01132
Q8A1F7	PF08207
Q8A1F7	PF09285
Q8A763	PF00005
Q8A0U2	PF00121
Q8A5S5	PF01250
Q89YV3	PF00271
Q89YV3	PF13091
Q89YV3	PF04851
Q8A789	PF00884
Q8AB95	PF01475
Q8A9I6	PF00984
Q8A9I6	PF03720
Q8A9I6	PF03721
Q8A812	PF04127
Q8A812	PF02441
Q8A9K9	PF08264
Q8A9K9	PF00133
Q89YQ4	PF11396
Q8AA63	PF00984
Q8AA63	PF03720
Q8AA63	PF03721
Q8A5G6	PF00590
Q8A8K5	PF01103
Q8A1P8	PF03129
Q8A1P8	PF00587
Q8A0T9	PF10410
Q8A0T9	PF08275
Q8A0T9	PF01807
Q8A156	PF01431
Q8A156	PF05649
Q8A8W1	PF03544
Q89ZU9	PF13004
Q89ZU9	PF13402
Q89ZU9	PF18630
Q8A0W0	PF02866
Q8A0W0	PF00056
Q8A148	PF04468
Q8A371	PF07859
Q8A876	PF00006
Q8A876	PF02874
Q8A473	PF00177
Q8A5U4	PF00881
Q8A2P1	PF03819
Q89ZM4	PF08264
Q89ZM4	PF00133
Q89ZM4	PF10458
Q8A528	PF00926
Q8A528	PF00925
Q89ZQ5	PF00793
Q8A0W7	PF13533
Q8A0W7	PF16576
Q8A9G2	PF13649
Q8A155	PF01808
Q8A155	PF02142
Q8A259	PF01225
Q8A259	PF02875
Q8A259	PF08245
Q8A136	PF07650
Q8A136	PF01926
Q8A1B1	PF00501
Q8A1B1	PF13193
Q8A1G0	PF00128
Q8A1G0	PF10438
Q8A1G0	PF09087
Q8ABZ0	PF02534
Q89YQ3	PF03313
Q89YQ3	PF03315
Q8A0W3	PF07728
Q8A3B4	PF13310
Q8A1Y4	PF03663
Q8AAZ0	PF01408
Q8AAZ0	PF02894
Q8A6R4	PF00226
Q8A6R4	PF01556
Q8AAM9	PF14488
Q8AAM9	PF17134
Q8A4N4	PF01272
Q8A4N4	PF03449
Q8A7J6	PF00672
Q8A7J6	PF02518
Q8A7J6	PF00989
Q8A8L5	PF00389
Q8A8L5	PF02826
Q8A4H0	PF07971
Q8A4H0	PF17678
Q8A287	PF06415
Q8A287	PF01676
Q8A0S6	PF02911
Q8A0S6	PF00551
Q8AAQ5	PF00106
Q8A297	PF01458
Q8A5R4	PF00005
Q89ZX8	PF01408
Q89ZL5	PF02810
Q89ZL5	PF07517
Q89ZL5	PF01043
Q89ZL5	PF07516
Q8A601	PF07687
Q8A601	PF01546
Q8AB74	PF10459
Q8AAW9	PF01208
Q8A4Q0	PF02657
Q8A0H1	PF02929
Q8A0H1	PF16353
Q8A0H1	PF00754
Q8A0H1	PF00703
Q8A0H1	PF02836
Q8A0H1	PF02837
Q8AAX8	PF00515
Q8A3H9	PF02146
Q8A2E4	PF00389
Q8A2E4	PF02826
Q8AAW6	PF02502
Q8A625	PF02401
Q8A2E6	PF00550
Q8A539	PF13173
Q8A9F0	PF08522
Q8A9F0	PF00754
Q8A5V7	PF03590
Q8A6L7	PF00330
Q8A8E7	PF01182
Q8A4U7	PF12930
Q8A2C9	PF01041
Q8A1D4	PF10604
Q8A0N1	PF07971
Q8A0N1	PF17678
Q8A813	PF02463
Q89ZR2	PF00829
Q8A800	PF02784
Q8A800	PF00278
Q8A9C6	PF06144
Q8A5I5	PF09492
Q8A185	PF06824
Q8A6N1	PF03571
Q8A734	PF01116
Q8A1F5	PF03793
Q8A486	PF00238
Q89ZV8	PF02800
Q89ZV8	PF00044
Q89YZ7	PF07687
Q89YZ7	PF01546
Q8AAV1	PF14322
Q8AAV1	PF07980
Q8A4S6	PF00309
Q8A4S6	PF04963
Q8A4S6	PF04552
Q8A3A7	PF01833
Q8A878	PF01496
Q8AA95	PF00271
Q8AA95	PF04851
Q8AA95	PF02151
Q8AA95	PF12344
Q8AA95	PF17757
Q8AAK7	PF13472
Q8AAK7	PF03629
Q8A9A1	PF00448
Q8A9A1	PF02881
Q8A1Y1	PF07971
Q8A1Y1	PF17678
Q8A3M2	PF00717
Q8A3M2	PF07022
Q8A9I7	PF00908
Q8ABE5	PF00254
Q8AAE8	PF00258
Q89YM4	PF07715
Q89YM4	PF07660
Q89YM4	PF00593
Q8A1A8	PF00202
Q89YR7	PF00291
Q8A5T5	PF04055
Q8A5T5	PF00919
Q8A8M1	PF00753
Q8A9U4	PF02689
Q8A9U4	PF00570
Q8A9U4	PF14493
Q8A9U4	PF05970
Q8A466	PF00687
Q8A8I1	PF00005
Q8A8I1	PF12848
Q8A5K8	PF02666
Q8A9E3	PF02938
Q8A9E3	PF00152
Q8A9E3	PF01336
Q8A809	PF11325
Q8A8M2	PF02527
Q8A841	PF01180
Q8A1Z3	PF04616
Q8A5V2	PF01966
Q8AAG9	PF07715
Q8AAG9	PF00593
Q89ZP8	PF04452
Q8A482	PF07650
Q8A482	PF00189
Q8A193	PF07971
Q8A193	PF17678
Q8A678	PF08340
Q8A678	PF03755
Q8A481	PF00237
Q8A1U1	PF14310
Q8A1U1	PF00933
Q8A1U1	PF01915
Q8A9S8	PF01268
Q8A7Y1	PF02627
Q8A5I1	PF16360
Q8A5I1	PF13167
Q8A5I1	PF01926
Q89ZK1	PF04390
Q8A525	PF00117
Q8A525	PF00958
Q8A525	PF02540
Q8A880	PF05693
Q89ZB2	PF12034
Q89ZB2	PF00092
Q89ZB2	PF12450
Q8AAU0	PF09820
Q8AAU0	PF08011
Q8A2J8	PF03641
Q8A627	PF03544
Q8AA30	PF03965
Q8A1Z2	PF04616
Q89ZP5	PF10672
Q89ZP5	PF17785
Q8A9Z0	PF01979
Q8A3R2	PF13088
Q8A2L2	PF02929
Q8A2L2	PF16353
Q8A2L2	PF00754
Q8A2L2	PF00703
Q8A2L2	PF02836
Q8A2L2	PF02837
Q8A9A4	PF00216
Q8A4A3	PF01196
Q8A444	PF11387
Q8A6A8	PF12954
Q8A343	PF12146
Q8A132	PF00005
Q8A9S7	PF00464
Q8A5V6	PF03167
Q89ZF7	PF08450
Q8AA85	PF00854
Q8A3Y9	PF00293
Q89ZP3	PF16702
Q8A053	PF07715
Q8A053	PF00593
Q8A192	PF09261
Q8A192	PF00754
Q8A192	PF17677
Q8A192	PF07748
Q8A192	PF01074
Q8A0I2	PF07715
Q8A0I2	PF00593
Q8A100	PF08328
Q8A100	PF00206
Q89ZR4	PF02403
Q89ZR4	PF00587
Q8A370	PF17137
Q8A370	PF01055
Q45791	PF00154
Q8A4S8	PF01597
Q8A823	PF00483
Q8A8K6	PF03051
Q8A4N3	PF01230
Q8A2Q2	PF01071
Q8A2Q2	PF02843
Q8A2Q2	PF02844
Q8AB05	PF00365
Q8AB53	PF01182
Q8AB53	PF02585
Q8A8E9	PF02586
Q8A2H9	PF01207
Q8A9U7	PF00006
Q8A9U7	PF00306
Q8A9U7	PF02874
Q8AAK9	PF13088
Q8AAK9	PF14873
Q8A374	PF07883
Q8A0L7	PF02684
Q8A2F4	PF09190
Q8A2F4	PF01406
Q8AAP0	PF01632
Q8AA67	PF02719
Q8A8G0	PF00389
Q8A8G0	PF02826
Q8A2B3	PF00881
Q8A0I1	PF08522
Q8A0I1	PF00754
Q8AAM5	PF07715
Q8AAM5	PF00593
Q8A1V8	PF00501
Q8A8T2	PF07610
Q8A9K2	PF05569
Q8A9K2	PF03544
Q8A1K7	PF00754
Q8A1K7	PF01301
Q8A863	PF00140
Q8A863	PF04542
Q8A863	PF04539
Q8A863	PF04545
Q8A2Q0	PF02926
Q8A2Q0	PF01170
Q8A4A2	PF01000
Q8A4A2	PF03118
Q8A4A2	PF01193
Q8A4A1	PF00163
Q8A4A1	PF01479
Q8A004	PF01259
Q89ZL4	PF01663
Q8A2Z9	PF07715
Q8A2Z9	PF00593
Q8A8E6	PF02781
Q8A8E6	PF00479
Q8ABG2	PF00571
Q8ABG2	PF03471
Q8ABG2	PF01595
Q8A5I8	PF16576
Q8A606	PF03313
Q8A3N0	PF13380
Q8A3N0	PF13607
Q8A8T0	PF07859
Q8A8T0	PF07313
Q8A0Q7	PF04450
Q8A1K5	PF17851
Q8A1K5	PF04616
Q8A7Z3	PF00551
Q8A358	PF02518
Q8A358	PF00512
Q8A358	PF12833
Q8A358	PF07494
Q8A358	PF00072
Q8A358	PF07495
Q9RQ15	PF00886
Q8ABG1	PF01435
Q8AAQ6	PF12732
Q8A2A2	PF13184
Q8A2A2	PF08529
Q8A3H7	PF00254
Q8A3H7	PF01346
Q8A9T5	PF01370
Q8A0X4	PF08534
Q8A5S4	PF01047
Q8A8C9	PF17674
Q8A8C9	PF00575
Q8A8C9	PF09371
Q8A8C9	PF16921
Q8A1D3	PF00206
Q89ZP0	PF07992
Q8A3Q9	PF04616
Q8A5S3	PF00072
Q8A5S3	PF00486
Q8A7E9	PF00389
Q8A7E9	PF02826
Q89YW6	PF00012
Q89ZG0	PF12072
Q89ZG0	PF01966
Q89ZG0	PF00013
Q9RQ13	PF02952
Q9RQ13	PF07881
Q9RQ13	PF07882
Q8A669	PF00483
Q8A989	PF00072
Q8A989	PF00486
Q8A3R0	PF07715
Q8A602	PF01264
Q8A9U6	PF00231
Q8AB91	PF00085
Q8A244	PF13176
Q8A244	PF13181
Q8A5I2	PF16314
Q8A9D9	PF04371
Q8A1T0	PF11777
Q8A2Z7	PF16323
Q8A2Z7	PF16391
Q8A2Z7	PF17166
Q89ZW6	PF02463
Q8A8M3	PF11738
Q8A8M3	PF13739
Q89ZJ2	PF00854
Q8A6N0	PF12833
Q8A9B8	PF00183
Q8A1A2	PF06134
Q8A0T8	PF02153
Q8AA75	PF06418
Q8AA75	PF00117
Q89YY9	PF01029
Q8A4T0	PF04551
Q8A7W3	PF01035
Q8A1S9	PF00521
Q8A553	PF00924
Q8A1D5	PF00156
Q8A811	PF00929
Q8A5Z6	PF02310
Q8A5Z6	PF01642
Q8A1A7	PF01118
Q8A1A7	PF02774
E7MCA9	PF14063
Q8A875	PF00006
Q8A875	PF02874
Q8A875	PF16886
Q8A6G1	PF01053
Q8A0B9	PF02416
Q8AAD0	PF00465
Q89ZW1	PF00383
Q89ZK7	PF00571
Q89ZK7	PF03471
Q89ZK7	PF01595
Q8A648	PF16576
Q8ABW3	PF02661
Q8A403	PF00459
Q8A513	PF13686
Q8A513	PF07992
Q8A513	PF02852
Q8A513	PF00581
Q8A513	PF01206
Q8A490	PF00410
Q8A804	PF01370
Q8A3W5	PF02033
Q89ZS1	PF03065
Q8A745	PF00881
Q8A1T2	PF00294
Q8A2D5	PF00535
Q8A7B0	PF07687
Q8A7B0	PF01546
Q8AAU4	PF10509
Q8AAU4	PF08544
Q8AAU4	PF00288
Q8A407	PF05221
Q8A407	PF00670
Q8ABI8	PF08545
Q8ABI8	PF08541
Q8A2A7	PF10988
Q8A2W9	PF07992
Q8A2W9	PF02852
Q8A1E4	PF01177
Q89ZJ4	PF01256
Q89ZJ4	PF03853
Q8A5T1	PF06439
Q8A637	PF01037
Q8A637	PF13404
Q8A6W2	PF01263
Q8AA94	PF00501
Q8AA94	PF14535
Q8A9S2	PF00912
Q8A9S2	PF00905
Q8A608	PF00920
Q8A6J8	PF03663
Q8A1H4	PF07470
Q8A587	PF02086
Q8A0C0	PF00842
Q8A0C0	PF01168
Q8A0C0	PF08245
Q89YR5	PF02254
Q8A8L3	PF03880
Q8A8L3	PF00270
Q8A8L3	PF00271
Q8A7M4	PF10150
Q8A2A4	PF08238
Q8A2A4	PF13676
Q8A1U2	PF10091
Q89ZN9	PF13287
Q89ZN9	PF00728
Q89ZN9	PF02838
Q89YZ4	PF01230
Q8A515	PF00754
Q8A515	PF00703
Q8A515	PF02837
Q8A515	PF18368
Q8A1E5	PF09413
Q8A5W2	PF00342
Q8A1K6	PF04616
Q8A499	PF00416
Q8AAM4	PF14322
Q8AAM4	PF07980
Q89YM8	PF13378
Q8A5W4	PF14229
Q8A5W4	PF00152
Q8A5W4	PF01336
Q8A9J8	PF04170
Q8A1L3	PF01523
Q8A485	PF00366
Q8AAL2	PF07715
Q8AAL2	PF00593
Q8A8L6	PF06245
Q8A568	PF12969
Q8A568	PF01841
Q8A887	PF16128
Q8A2T3	PF16140
Q89Z65	PF08240
Q8A9A6	PF01882
Q8A3V9	PF14289
Q8A3V9	PF13905
Q8A7N2	PF01212
Q8A2X3	PF02915
Q8AAU5	PF04616
Q8A680	PF14123
Q89ZI3	PF00728
Q89ZI3	PF02838
Q8A4M8	PF04960
Q8A9N4	PF02596
Q89Z24	PF13460
Q8AAV0	PF07715
Q8AAV0	PF00593
Q8AAD3	PF04715
Q8AAD3	PF00425
Q8A628	PF00348
Q8A105	PF02786
Q8A105	PF02787
Q8A105	PF02142
Q8A679	PF00814
Q8A2H0	PF16011
Q8A5M8	PF01934
Q8A5K2	PF04237
Q8A1L5	PF00809
Q8ABD7	PF14057
Q8AAV4	PF16369
Q8AAV4	PF04616
Q8A8E5	PF00393
Q8A8E5	PF03446
Q8A8M0	PF02347
Q89Z61	PF07510
Q89Z61	PF03235
Q89ZC6	PF01048
Q89YY3	PF00004
Q89YY3	PF07724
Q89YY3	PF17871
Q89YY3	PF02861
Q89YY3	PF10431
Q8A5I3	PF05681
Q8A5I3	PF05683
Q8A4X5	PF07432
Q8A616	PF00285
Q8A1K0	PF14509
Q8A1K0	PF14508
Q8A1K0	PF10566
Q8A4S2	PF05448
Q8A7P8	PF00155
Q8A2W8	PF02113
Q8A5Z4	PF06826
Q8A5Z4	PF02080
Q8A329	PF08264
Q8A329	PF13603
Q8A329	PF09334
Q8A9J3	PF12706
Q8A378	PF17876
Q8A378	PF00773
Q8A378	PF00575
Q8AAP9	PF00009
Q8A833	PF00984
Q8A833	PF03720
Q8A833	PF03721
Q8A260	PF03799
Q8A462	PF02482
Q8A6I8	PF07523
Q8A6I8	PF13306
Q8AAL4	PF16410
Q89YW7	PF03724
Q8AA27	PF00557
Q8A8Y2	PF16126
Q8A8Y2	PF00754
Q8A7M7	PF00436
Q8A955	PF00248
Q8A9R7	PF14572
Q8A9R7	PF13793
Q8A1T9	PF07715
Q8A1T9	PF00593
Q8A471	PF11950
Q8A2J5	PF07715
Q8A2J5	PF00593
Q8A373	PF08244
Q8A373	PF00251
Q8A160	PF01103
Q8A1A6	PF00764
Q8A5M6	PF07726
Q8A5M6	PF17863
Q8ABB0	PF01634
Q8ABB0	PF08029
Q8A058	PF16384
Q8A058	PF02469
Q8A9W7	PF02548
Q8A1I0	PF14322
Q8A1I0	PF07980
Q8A9M7	PF08442
Q8A9M7	PF00549
Q8AA08	PF00580
Q8AA08	PF13361
Q8ABZ4	PF10263
Q8A635	PF00583
Q89Z54	PF01420
Q8A3W9	PF07549
Q8A3W9	PF02355
Q8A1H8	PF00722
Q8A1H8	PF04616
Q8A538	PF18073
Q8A588	PF14072
Q8ABC4	PF11412
Q8ABC4	PF02683
Q8A766	PF01791
Q8A460	PF01321
Q8A460	PF00557
Q8A460	PF16188
Q8A9Z1	PF00278
Q8A146	PF02219
Q8A8H5	PF13472
Q8A8H5	PF00326
Q8A2N2	PF16132
Q8A2G9	PF13720
Q8A2G9	PF00132
Q8A6S1	PF01012
Q8A6S1	PF00766
Q8A1I4	PF10022
Q8AAQ3	PF00459
Q8AA39	PF03483
Q8AA39	PF03484
Q8AA39	PF03147
Q8AA39	PF01588
Q8AA39	PF17759
Q8A8V9	PF02518
Q8A8V9	PF00072
Q8A9V3	PF02823
Q8A7P2	PF00072
Q8A7P2	PF00486
Q8A3X0	PF01432
Q8A8D4	PF12956
Q8A2W0	PF04055
Q8A2W0	PF01938
Q8A2W0	PF00919
Q8A511	PF05576
Q89Z89	PF01149
Q8AAK6	PF00703
Q8AAK6	PF17753
Q8AAK6	PF17786
Q89ZH8	PF10282
Q8AAU2	PF01263
Q8A340	PF00171
Q8A340	PF01619
Q89YZ8	PF13537
Q8A3X6	PF13448
Q8A3X6	PF16130
Q8A256	PF02875
Q8A256	PF08245
Q89YV4	PF07669
E7MCA2	PF10771
Q8A2N9	PF01541
Q8A2N9	PF08459
Q8A614	PF00330
Q8A614	PF00694
Q8A333	PF02311
Q8A333	PF12833
Q8A2G7	PF00873
Q89Z47	PF04326
Q89Z47	PF13749
Q8A288	PF13905
Q8A1X9	PF01263
Q8A832	PF01370
Q8ABF6	PF17820
Q8ABF6	PF03572
Q8A4U4	PF14771
Q8A4U4	PF04355
Q8AB44	PF02518
Q8AB44	PF12833
Q8AB44	PF07494
Q8AB44	PF00072
Q8AB44	PF07495
Q8A2E3	PF01075
Q8A8W5	PF16344
Q8A8W5	PF04773
Q8A182	PF07971
Q8A182	PF17678
Q8A7J8	PF01658
Q8A7J8	PF07994
Q8AAY4	PF14121
Q8A2X2	PF16225
Q8A6S2	PF01012
Q8A7G9	PF03060
Q8A849	PF00749
Q8A849	PF03950
Q8A517	PF00349
Q8A517	PF03727
Q8A732	PF13533
Q8A7Z1	PF00248
Q8A2N1	PF16407
Q8A101	PF00132
Q8A7H6	PF02878
Q8A7H6	PF02879
Q8A7H6	PF02880
Q8A7H6	PF00408
Q8A127	PF00270
Q8A127	PF00271
Q8A127	PF00570
Q8A127	PF16124
Q8A127	PF09382
Q8A6Z7	PF08281
Q8A7A5	PF14322
Q8A7A5	PF07980
Q8A840	PF02562
Q8A840	PF13638
Q8A6I0	PF06445
Q8A6I0	PF12833
Q8AAL5	PF16373
Q8AAL5	PF02638
Q8A2J9	PF01380
Q8A213	PF14322
Q8A213	PF07980
Q8A7B2	PF03938
Q8A4H9	PF14509
Q8A4H9	PF14508
Q8A4H9	PF10566
Q8A6X8	PF10371
Q8A6X8	PF17147
Q8A6X8	PF01558
Q8A6X8	PF01855
Q8A6X8	PF02775
Q8A1Y9	PF07715
Q8A1Y9	PF07660
Q8A3Q8	PF01436
Q8A3Q8	PF08450
Q8A3Q8	PF01833
Q8AA74	PF11276
Q8A294	PF03030
Q8A5Z5	PF01642
Q8A7J1	PF02687
Q8A7J1	PF12704
Q8ABH0	PF07715
Q8ABH0	PF00593
Q8A7W2	PF03358
Q8A469	PF04563
Q8A469	PF04561
Q8A469	PF04565
Q8A469	PF10385
Q8A469	PF00562
Q8A469	PF04560
Q8A6N7	PF03129
Q8A6N7	PF13393
Q8AAW1	PF11762
Q8AAW1	PF02610
Q8A4U8	PF01625
Q8A4U8	PF01641
Q89Z22	PF12127
Q8A8L4	PF00266
Q8A183	PF03372
Q89ZQ8	PF00005
Q8A7T4	PF07715
Q8A7T4	PF00593
Q8AAW5	PF02779
Q8AAW5	PF02780
Q8AAW5	PF00456
Q8A9J2	PF02614
Q8A4P3	PF01381
Q8A8R0	PF00210
Q8A9B6	PF03989
Q8A9B6	PF00521
Q89ZY1	PF01636
Q8A3Z3	PF07992
Q8A3Z3	PF13192
Q8A0F5	PF01058
Q8A0B3	PF07470
Q8A8U7	PF11922
Q8A8U7	PF01507
Q8A4T7	PF02866
Q8A4T7	PF00056
Q8AA05	PF01637
Q8A097	PF02518
Q8A097	PF00512
Q8A097	PF12833
Q8A097	PF07494
Q8A097	PF00072
Q8A097	PF07495
Q8A6L8	PF00694
Q8A5U2	PF00686
Q8A5U2	PF02446
Q8AAH9	PF04295
Q8AAH9	PF08666
Q8A9X2	PF02687
Q8A9X2	PF12704
Q8A2P6	PF12930
Q89YX5	PF13004
Q8A5Z0	PF00392
Q8A4V0	PF16576
Q8AAX3	PF13802
Q8AAX3	PF01055
Q8A0S5	PF00834
Q8A6K2	PF01343
Q8AAA8	PF02786
Q8AAA8	PF02787
Q8AAA8	PF02142
Q89YS1	PF07715
Q89YS1	PF00593
Q8A236	PF01408
Q8A8L8	PF09561
Q89YR0	PF07715
Q89YR0	PF00593
Q8A7Y3	PF00691
Q8A4W8	PF09375
Q8A2Q9	PF01522
Q89ZS3	PF06202
Q89ZS3	PF12439
Q8ABA5	PF00795
Q8ABA5	PF02540
Q8A001	PF01145
Q8A001	PF15975
Q8A2I1	PF02278
Q8A2I1	PF09093
Q8A2I1	PF09092
Q8ABE4	PF00578
Q8A668	PF12850
Q8A9W1	PF02222
Q8A3E1	PF14322
Q8A3E1	PF07980
Q89YR9	PF07940
Q89YR9	PF16889
Q8A234	PF01408
Q8A234	PF02894
Q8A212	PF14274
Q8A212	PF16343
Q8A2P5	PF01367
Q8A2P5	PF02739
Q8A2P5	PF00476
Q8A2P5	PF01612
Q8A014	PF00132
Q8A014	PF04613
Q8A4S9	PF00731
Q8AAF9	PF00728
Q8AAF9	PF02838
Q8AAF9	PF07691
Q8A1V7	PF00675
Q8A1V7	PF05193
Q8A8E1	PF00501
Q8A0M7	PF07971
Q8A0M7	PF17678
Q8A1D8	PF00383
Q8A1D8	PF01872
Q89YW9	PF16653
Q89YW9	PF03435
Q8A459	PF00132
Q89YR1	PF07980
Q8A881	PF11897
Q8A881	PF00343
Q8A930	PF13905
Q8A243	PF14125
Q8A9E8	PF07715
Q8A9E8	PF00593
Q8A0L8	PF01975
Q8AAI1	PF07715
Q8AAI1	PF00593
Q8A9J0	PF01232
Q8A9J0	PF08125
Q8ABW9	PF13149
Q8AAP2	PF03129
Q8AAP2	PF02824
Q8AAP2	PF00587
Q8AAP2	PF07973
Q89YM3	PF12741
Q8A8F4	PF16576
Q8A630	PF01026
Q8AB72	PF14289
Q8A7D7	PF00583
Q8A7D7	PF14268
Q8A326	PF00691
Q8A2R1	PF13004
Q8A765	PF00300
Q8AAZ5	PF07715
Q8AAZ5	PF00593
Q8A120	PF01119
Q8A120	PF08676
Q8A0U6	PF00334
Q8A925	PF02929
Q8A925	PF00703
Q8A925	PF02836
Q8A925	PF02837
Q8A7R0	PF00583
Q8A119	PF00691
Q89Z36	PF01420
Q8A1Y7	PF03663
Q8A4V4	PF00480
Q8A5S6	PF01084
Q8A6J9	PF00586
Q8A6J9	PF02769
Q8A3B0	PF08522
Q8A3B0	PF14274
Q8A7I7	PF07992
Q8AB61	PF01979
Q8AAQ0	PF01507
Q8A8X1	PF07715
Q8A8X1	PF00593
Q8AAN4	PF01855
Q8AAN4	PF02775
Q8A4B4	PF00440
Q8A9W4	PF14134
Q8AAA9	PF00988
Q8AAA9	PF00117
Q8A5N7	PF14322
Q8A5N7	PF07980
Q8AB00	PF00676
Q8AB00	PF02779
Q8AB00	PF02780
Q8A8D1	PF02872
Q8A8D1	PF00149
Q8A4N6	PF00013
Q8A4N6	PF03726
Q8A4N6	PF01138
Q8A4N6	PF03725
Q8A4N6	PF00575
Q8A6W1	PF16352
Q8A6W1	PF08244
Q8A6W1	PF00251
Q8A5T8	PF02142
Q8A7J4	PF02321
Q8A1V4	PF01928
Q8A7X8	PF12833
Q8A3X4	PF00216
Q8A3X1	PF03372
Q8AAV9	PF00596
Q8A448	PF10415
Q8A448	PF00206
Q8A3M1	PF08264
Q8A3M1	PF09334
Q8A3M1	PF01588
Q89YQ7	PF15889
Q8A535	PF07715
Q8A535	PF00593
Q8A2S4	PF04962
Q8AAB6	PF00085
Q8A5C2	PF13149
Q8A2R7	PF14322
Q8A2R7	PF07980
Q8A8I6	PF00535
Q8A056	PF14322
Q8A056	PF07980
Q89YL2	PF17415
Q89YL2	PF12667
Q8A6D1	PF07715
Q8A8I4	PF02518
Q8A8I4	PF00512
Q8A8I4	PF08448
Q8A8I4	PF00072
Q8AAF5	PF04055
Q8AAF5	PF13186
Q89Z05	PF00113
Q89Z05	PF03952
Q89ZX4	PF07715
Q89ZX4	PF00593
Q8A510	PF13590
Q8A7B8	PF00763
Q8A7B8	PF02882
Q8A1Y6	PF16342
Q89ZC9	PF01408
Q89ZH3	PF07715
Q89ZH3	PF07660
Q89ZH3	PF00593
Q8A245	PF00692
Q8A947	PF13419
Q8A2P9	PF00132
Q8ABB1	PF03061
Q8A6G8	PF00364
Q8A9Y2	PF14509
Q8A9Y2	PF14508
Q8A9Y2	PF10566
Q8A699	PF06026
Q8A5K5	PF14437
Q8A2S2	PF16153
Q8A3X7	PF01131
Q8A3X7	PF01751
Q8A3X7	PF13368
Q89ZS8	PF07715
Q89ZS8	PF00593
Q8A7T5	PF14322
Q8A7T5	PF07980
Q8A7I6	PF01832
Q8A7I6	PF01476
Q8A569	PF12969
Q8A569	PF12970
Q8A9W5	PF13291
Q8A9W5	PF04607
Q8A9W5	PF02824
Q8A3A9	PF14322
Q8A3A9	PF07980
Q89YM1	PF08522
Q8A5H8	PF12888
Q89Z77	PF13149
Q8A0X6	PF01883
Q8A0X6	PF10609
Q8A6N5	PF01120
Q89ZS9	PF14322
Q89ZS9	PF07980
Q8A470	PF04997
Q8A470	PF00623
Q8A470	PF04983
Q8A470	PF05000
Q8A470	PF04998
Q8A688	PF03477
Q8A688	PF13597
Q8ABE3	PF01934
Q8A203	PF07715
Q8A203	PF00593
Q8ABC3	PF02678
Q8ABC3	PF17954
Q89ZW9	PF01408
Q8A2N4	PF07715
Q8A2N4	PF00593
Q8A0E7	PF00754
Q8A0E7	PF00703
Q8A0E7	PF02836
Q8A0E7	PF18368
Q8A1U3	PF14905
Q8AA21	PF00391
Q8AA21	PF02896
Q8AA21	PF01326
Q8A1M9	PF09603
Q8A1M9	PF13149
Q89ZL9	PF14322
Q89ZL9	PF07980
Q8A6N4	PF00709
Q89ZN8	PF00120
Q89ZN8	PF18318
Q89ZN8	PF12437
Q8A6P8	PF00118
Q89YM5	PF16344
Q89YM5	PF04773
Q8A2X1	PF00890
Q8A2X1	PF02910
Q8A3B1	PF14587
Q8A3B1	PF17189
Q8A0T5	PF00800
Q8A057	PF07715
Q8A057	PF00593
Q8A3E5	PF14310
Q8A3E5	PF00933
Q8A3E5	PF01915
Q8A3E5	PF07691
Q8A7P0	PF09820
Q8A7P0	PF08011
Q8AA45	PF04205
Q8A9S4	PF01948
Q8A9S4	PF02748
Q8A2U2	PF16198
Q8A2U2	PF01509
Q89ZS2	PF13439
Q89ZS2	PF00534
Q8A0D7	PF16396
Q89YL8	PF01120
Q89YL8	PF00754
Q8A421	PF07883
Q8A421	PF01381
Q8A882	PF00578
Q8A882	PF14289
Q8AAG1	PF07715
Q8AAG1	PF00593
Q89ZT0	PF08522
Q89ZT0	PF14274
Q8AA18	PF02581
Q8A8A8	PF02275
Q8A196	PF00440
Q8AA15	PF13667
Q8AA15	PF01964
Q8AAV3	PF14322
Q8AAV3	PF07980
Q89ZI2	PF02838
Q89ZI2	PF07555
Q8A8C3	PF00226
Q8A8C3	PF01556
Q8A8C3	PF00684
Q8A1E1	PF01103
Q8A1E1	PF07244
Q8A1Q5	PF07715
Q8A1Q5	PF00593
Q8A2T6	PF02773
Q8A2T6	PF02772
Q8A2T6	PF00438
Q8A4E1	PF15495
Q8AAX9	PF12838
Q8A083	PF00155
Q89YM2	PF16141
Q8A4P5	PF00871
Q8A795	PF14322
Q8A795	PF07980
Q8A7N3	PF14717
Q8AAU1	PF01238
Q8A0T2	PF01368
Q8A0T2	PF02272
Q8A0T2	PF17768
Q8A4S5	PF05195
Q8A4S5	PF00557
Q8A5T4	PF00501
Q8A653	PF12771
Q8A6H1	PF04095
Q8A6H1	PF17767
Q8A8R1	PF01791
Q8A5G4	PF00265
Q8A793	PF00704
Q8A6B1	PF01321
Q8A6B1	PF00557
Q8A622	PF14298
Q8A1K4	PF06964
Q8A1K4	PF02018
Q8A6B5	PF00390
Q8A6B5	PF03949
Q8A6B5	PF01515
Q8AAN3	PF02618
Q8A2D8	PF00534
Q8A9C1	PF00533
Q8A9C1	PF01653
Q8A9C1	PF03120
Q8A9C1	PF03119
Q8A9C1	PF12826
Q8A1I8	PF14869
Q8A1I8	PF03544
Q8A739	PF01039
Q8A6G7	PF01039
Q8A674	PF13173
Q8A674	PF13635
Q8AAP6	PF00691
Q8A604	PF13568
Q89Z71	PF13673
Q89Z71	PF13302
Q89Z71	PF00903
Q89YU8	PF14322
Q89YU8	PF07980
Q8A2R5	PF07715
Q8A2R5	PF00593
Q8A7U2	PF03786
Q8A3W8	PF17147
Q8A3W8	PF01558
Q8A3W8	PF01855
Q8A1R5	PF00041
Q8A1R5	PF09992
Q8A3Y5	PF14322
Q8A3Y5	PF07980
Q8A767	PF00923
Q8AB70	PF11589
Q8AAL3	PF14322
Q8AAL3	PF07980
Q8A8U4	PF13590
Q8A507	PF00149
Q89ZI9	PF01018
Q89ZI9	PF01926
Q89YP2	PF00128
Q89YP2	PF02922
Q8A796	PF16397
Q8A796	PF16406
Q8A624	PF00365
Q89Z46	PF04471
Q8A0N0	PF07971
Q8A0N0	PF17678
Q8A015	PF07977
Q8A015	PF03331
Q8A6X1	PF02518
Q8A6X1	PF00512
Q8A6X1	PF12833
Q8A6X1	PF13407
Q8A6X1	PF00072
Q89Z82	PF12674
Q8A9R0	PF14322
Q8A9R0	PF07980
Q8A8W8	PF08522
Q8A5R6	PF07715
Q8A5R6	PF07660
Q8A5R6	PF00593
Q8A4C4	PF00248
Q8A1T1	PF03572
Q8A1T1	PF14684
Q8A6C8	PF16820
Q8A4P0	PF12741
Q8A3K6	PF07971
Q8A3K6	PF17678
Q8A3K6	PF07691
Q89Z83	PF14542
Q8A0Y8	PF01557
Q89ZG1	PF03932
Q8AAB3	PF14691
Q8AAB3	PF07992
Q8A4G9	PF03372
Q8A1D2	PF01266
Q8AAW2	PF02782
Q8AAW2	PF00370
Q8A6E6	PF16215
Q8A9M3	PF02782
Q8A9M3	PF00370
Q8AAN6	PF00501
Q8AAN6	PF14535
Q8A6W9	PF00294
Q8A826	PF01370
Q8AAZ4	PF12771
Q8A022	PF05569
Q8ABF7	PF15283
Q8AAK4	PF00754
Q8AAK4	PF00728
Q8AAK4	PF02838
Q8A2R6	PF07715
Q8A2R6	PF00593
Q8A7I4	PF12833
Q8A7G3	PF16022
Q8A1C4	PF13944
Q8A1C4	PF16410
Q8A1C4	PF13201
Q8A2Q8	PF11028
Q89ZS7	PF01436
Q8A0I0	PF03993
Q8A7E8	PF02678
Q8A7E8	PF17954
Q8A7A0	PF01120
Q8A7A0	PF00754
Q8AAE0	PF16130
Q8A452	PF13320
Q8A9E9	PF14322
Q8A9E9	PF07980
Q8A866	PF03415
Q8AB92	PF00085
Q8AAE5	PF00196
Q8A7N1	PF14542
Q8A673	PF00149
Q8AAG8	PF14064
Q8A3W0	PF13181
Q8A911	PF00881
Q8A6S7	PF07715
Q8A6S7	PF00593
Q8AA42	PF16363
Q8A1P7	PF00254
Q89ZK2	PF02954
Q89ZK2	PF00158
Q8A3Z9	PF07715
Q8A3Z9	PF00593
Q8A854	PF01895
Q8A4X0	PF07396
Q89ZK4	PF16125
Q8A2F7	PF07470
Q8ABW5	PF13310
Q8A6L6	PF00682
Q8A6L6	PF08502
Q8A353	PF14322
Q8A353	PF07980
E7MCB0	PF13505
Q8A1D6	PF02631
Q8A8R9	PF02142
Q8A2G4	PF13205
Q8A2P2	PF01791
Q8A728	PF00364
Q8A728	PF00682
Q8A728	PF02436
Q89YR2	PF17138
Q89YR2	PF17141
Q89YR2	PF14292
Q8AAN1	PF00480
Q89ZC1	PF13183
Q89ZC1	PF02589
Q8AA19	PF13568
Q8AB33	PF01663
Q8A737	PF00364
Q8A3Y8	PF13525
Q8A6W6	PF16346
Q8A6W6	PF00251
Q8A0Z8	PF00152
Q8A0Z8	PF01336
Q8A8V4	PF15495
Q8A8V4	PF06321
Q8A621	PF14905
Q8A621	PF07715
Q8A1M6	PF07715
Q8A1M6	PF00593
Q8A9B4	PF09413
Q8A9B4	PF00582
Q8ABX8	PF14466
Q8A7N7	PF16819
Q8A7N7	PF16820
Q8A0N8	PF07715
Q8A0N8	PF07660
Q8A0N8	PF00593
Q8AAV6	PF01263
Q8A890	PF08522
Q89ZP9	PF16120
Q8A1Q7	PF16410
Q8AB22	PF00754
Q8AB22	PF01301
Q8A3X8	PF02518
Q8A3X8	PF00512
Q8A3X8	PF12833
Q8A3X8	PF07494
Q8A3X8	PF00072
Q8A3X8	PF07495
Q8A1E9	PF00185
Q8A1E9	PF02729
Q8A069	PF02449
Q8A069	PF08533
Q8A069	PF08532
Q8AAK1	PF00483
Q8A7W0	PF13372
Q8A7U9	PF04402
Q8AAK3	PF16355
Q8AAK3	PF18565
Q8AAK3	PF00703
Q8AAK3	PF02836
Q8AAK3	PF02837
Q8ABG0	PF07715
Q8ABG0	PF00593
Q8A6S0	PF00441
Q8A6S0	PF02770
Q8A6S0	PF02771
Q8A6S0	PF12186
Q8A0Z7	PF14869
Q8AAB8	PF00155
Q8A2R4	PF14322
Q8A0X7	PF02390
Q8A9V4	PF00006
Q8A9V4	PF02874
Q8A5H1	PF07715
Q8A5H1	PF00593
Q8A3X2	PF01694
Q8A005	PF01209
Q8AAW0	PF05635
Q8A1Q6	PF14322
Q8A1Q6	PF07980
Q8A9T6	PF12833
Q8A9S1	PF01288
Q8A3Y4	PF07715
Q8A3Y4	PF00593
Q8AB94	PF02915
Q8A7N5	PF07715
Q8A7N5	PF00593
Q8A2H3	PF07715
Q8A2H3	PF00593
Q8A8X9	PF16141
Q8A051	PF16380
Q89ZT1	PF13004
Q89ZT1	PF00754
Q8ABI3	PF05426
Q8ABI3	PF00295
Q8AAQ4	PF05036
Q8A5H7	PF16403
Q8A5H7	PF16404
Q8A9K0	PF11810
Q8A509	PF13505
Q8A1B3	PF16141
Q8A2J3	PF02055
Q8A2J3	PF17189
Q8A450	PF13505
Q89ZX7	PF13004
Q89ZX7	PF17291
Q89ZX7	PF13402
Q89ZX7	PF18630
Q8A8X5	PF07715
Q8A8X5	PF07660
Q8A8X5	PF00593
Q8A241	PF02518
Q8A241	PF00512
Q8A241	PF12833
Q8A241	PF07494
Q8A241	PF00072
Q8A241	PF07495
Q8A5Q8	PF13419
Q8AB60	PF00535
Q8AA14	PF05690
Q8A5I0	PF12771
Q8A5H5	PF07715
Q8A5H5	PF00593
Q8A405	PF00294
Q8A874	PF10962
Q8A757	PF03544
Q89ZA6	PF12741
Q8A1B4	PF12741
Q8A908	PF01180
Q8A8W3	PF00580
Q8A8W3	PF13361
Q8AA92	PF13525
Q8A272	PF09411
Q8A5S1	PF00679
Q8A5S1	PF14492
Q8A5S1	PF03764
Q8A5S1	PF00009
Q8A5S1	PF03144
Q8AAU7	PF16369
Q8AAU7	PF04616
Q8A9T0	PF00155
Q8A7H2	PF07715
Q8A7H2	PF00593
Q8A7N8	PF16819
Q8A2R8	PF15890
Q89ZL0	PF03349
Q8A5H9	PF07715
Q8A5H9	PF00593
Q8A178	PF07715
Q8A178	PF00593
Q8A8U3	PF13505
Q8A818	PF02563
Q8A818	PF10531
Q8A615	PF00180
Q8A1C3	PF13944
Q8A1C3	PF13201
Q8A6G9	PF02785
Q8A6G9	PF00289
Q8A6G9	PF02786
Q8A6E5	PF07715
Q8A6E5	PF00593
Q8A3Y6	PF07715
Q8A3Y6	PF00593
Q8A055	PF17133
Q8A055	PF02469
Q8A0T7	PF01817
Q8A0T7	PF00793
Q8A3K2	PF07715
Q8A3K2	PF00593
Q8A9S6	PF13568
Q8A654	PF07715
Q8A654	PF00593
Q8A993	PF10633
Q89ZG5	PF01841
Q8A1X6	PF01263
Q89ZS0	PF14092
Q8AA35	PF03372
Q8A0N3	PF16379
Q8A0N3	PF00754
Q8AB83	PF13505
Q8A5R5	PF14054
Q8A337	PF01790
Q8A3F5	PF00580
Q8A3F5	PF13361
Q8A0A9	PF16318
Q8A0A9	PF17161
Q8A0A9	PF00041
Q8A202	PF14322
Q8A202	PF07980
Q8A2H5	PF16409
Q8A6V0	PF00703
Q8A6V0	PF02836
Q8A6V0	PF02837
Q8A7F1	PF02530
Q8A0L9	PF13614
Q8A578	PF07715
Q8A0R1	PF00648
Q8A1V0	PF13004
Q8A1V0	PF01223
Q8A0N5	PF08522
Q8A445	PF07396
Q8A0I3	PF14322
Q8A0I3	PF07980
Q8A8X8	PF12741
Q8A3K3	PF14322
Q8A3K3	PF07980
Q8AAB2	PF00310
Q8AAB2	PF04898
Q8AAB2	PF01645
Q8AAB2	PF01493
Q8A144	PF00210
Q8A4P6	PF01515
Q8A1U0	PF14322
Q8A1U0	PF07980
Q8A900	PF12875
Q8A0G9	PF13304
Q8A0G9	PF14491
Q8A9M8	PF02629
Q8A9M8	PF00549
Q89YL0	PF13568
Q8A1U5	PF01223
Q8A8R7	PF11897
Q8A8R7	PF00343
Q8A1G3	PF00128
Q89YN3	PF04343
Q89ZX6	PF08522
Q89ZX6	PF00754
Q8A9S3	PF00185
Q8A9S3	PF02729
Q89YP1	PF00128
Q8A6B2	PF00208
Q8A6B2	PF02812
Q8A1C2	PF13568
Q8AAH6	PF01081
Q8A3Y1	PF13004
Q8A1C1	PF13201
Q89YH7	PF02518
Q8AAC2	PF00120
Q8AAC2	PF18318
Q8AAC2	PF12437
Q8A6Z1	PF02518
Q8A6Z1	PF12833
Q8A6Z1	PF07494
Q8A6Z1	PF00072
Q8A6Z1	PF07495
Q8A555	PF01053
Q8A4B1	PF01979
Q8A9G9	PF18692
Q8A7I2	PF07992
Q8A7I2	PF02852
Q89YS2	PF14322
Q89YS2	PF07980
Q8A6W3	PF07715
Q8A6W3	PF00593
Q8A5P9	PF04389
Q8A0T4	PF00515
Q8A0T4	PF13181
Q8A8Y9	PF14322
Q8A8Y9	PF07980
Q8AA20	PF13505
Q8A570	PF06445
Q8A570	PF12833
Q8A772	PF02706
Q8ABG8	PF02368
Q8ABG8	PF16351
Q8A8H3	PF13488
Q8A8H3	PF00691
Q8A427	PF00350
Q8A8R5	PF00365
Q8A2Z1	PF02445
Q8A5N6	PF07715
Q8A5N6	PF00593
Q8A2R2	PF14135
Q8A2R2	PF16377
Q8ABB3	PF10677
Q8A176	PF08522
Q8A176	PF14274
Q89YL1	PF04542
Q89YL1	PF08281
Q8A1F1	PF17415
Q8A1F1	PF12667
Q8A070	PF00703
Q8A070	PF02837
Q8A3K5	PF03663
Q8A4B0	PF02971
Q8A4B0	PF07837
Q8A6U9	PF14498
Q8A5N8	PF14323
Q8A5N8	PF16216
Q8A8X7	PF07715
Q8A8X7	PF00593
Q8A0C9	PF07971
Q8A0C9	PF17678
Q8A3Z6	PF01156
Q8A8H1	PF00682
Q8A8H1	PF02436
Q8A6S8	PF16272
Q8A7B9	PF03150
Q8A7B9	PF00034
Q8A7B9	PF14376
Q8A3Z7	PF16339
Q8A3Z7	PF16349
Q8A3Z7	PF02449
Q8A0R0	PF14135
Q8A6W5	PF16324
Q8A0P4	PF14905
Q8A0S2	PF16109
Q8A1Z4	PF17829
Q8A1Z4	PF15979
Q8A1Z4	PF05124
Q8A5V0	PF00149
Q8A5V0	PF16656
Q8A269	PF01823
Q8A4P7	PF00722
Q8A0R3	PF07715
Q8A0R3	PF00593
Q89YN0	PF02775
Q89YN0	PF16582
Q89YN0	PF02776
Q8A7H9	PF00027
Q8A577	PF14322
Q8A577	PF07980
Q8AAI0	PF14322
Q8AAI0	PF07980
Q8A892	PF16141
Q8A4H8	PF13472
Q8A5K0	PF00595
Q8A5K0	PF03572
Q8A6Q7	PF10771
Q8A258	PF04101
Q8A258	PF03033
Q8A870	PF00392
Q8A7H1	PF14322
Q8A7H1	PF07980
Q8A8X4	PF12741
Q8A4M9	PF00282
Q8A3Y2	PF13004
Q8A2R3	PF15890
Q8A397	PF00884
Q8A5W1	PF16438
Q8A0P6	PF01761
Q8A797	PF16347
Q8A797	PF00884
Q89YR3	PF07745
Q8AAB7	PF01678
Q8A0D8	PF08522
Q8A0D8	PF14274
Q8A110	PF16342
Q8A0N7	PF12741
Q89ZX5	PF14322
Q89ZX5	PF07980
Q8A8X0	PF12741
Q8A8X3	PF16141
Q8A3R1	PF14322
Q8A3R1	PF07980
Q8A1M7	PF16215
Q8A846	PF11276
Q8A1G1	PF07715
Q8A1G1	PF00593
Q8A3C9	PF14322
Q8A3C9	PF07980
Q89YZ6	PF01571
Q89YZ6	PF08669
Q8A5B3	PF00271
Q8A5B3	PF02384
Q8A4A9	PF01175
Q8A4A9	PF17392
Q8A4A9	PF17391
Q8A8R2	PF00300
Q8AB01	PF00198
Q8AB01	PF00364
Q89YQ1	PF00488
Q89YQ1	PF01713
Q89YX8	PF00012
Q8A0D3	PF07715
Q8A1U8	PF00593
Q8A3V0	PF14310
Q8A3V0	PF00933
Q8A3V0	PF01915
Q8A4N9	PF07715
Q8A4N9	PF07660
Q8A4N9	PF00593
Q8A117	PF07715
Q8A117	PF00593
Q8A2N3	PF14322
Q8A2N3	PF07980
Q8A997	PF00814
Q8A2J2	PF16408
Q8A2J2	PF17165
Q8A2J2	PF17163
Q8A5H6	PF12771
Q8A6R7	PF13569
Q8A0N6	PF16141
Q8A5U7	PF01520
Q8AAU6	PF06964
Q8AAU6	PF02018
Q8A9X3	PF00149
Q8A8X2	PF08522
Q8A603	PF13944
Q8A7I0	PF00293
Q8A7I0	PF09296
Q8A7I0	PF09297
Q8A8Y1	PF08522
Q8A8Y1	PF16390
Q8A1I2	PF01833
Q8A647	PF00873
Q8A7G7	PF16301
Q89YN5	PF00583
Q89YN5	PF14268
Q8A5H0	PF14322
Q8A5H0	PF07980
Q89ZW0	PF16139
Q8A2Y7	PF04055
Q8AAK5	PF00754
Q8AAK5	PF13287
Q8AAK5	PF00728
Q8AAK5	PF02838
G8JZT0	PF14292
G8JZT0	PF16411
Q8A2S0	PF13004
Q8A8Y0	PF08522
Q8A8P9	PF14322
Q8A8P9	PF07980
Q8A0N4	PF08522
Q8A842	PF01168
Q8A8U1	PF04397
Q8A8U1	PF00072
Q8A4H6	PF03663
Q8A2J4	PF14322
Q8A2J4	PF07980
Q8A4H5	PF08522
Q8A4H5	PF14274
Q8A0D9	PF14322
Q8A0D9	PF07980
Q8A2R9	PF14135
Q8A7H0	PF01262
Q8A7H0	PF05222
Q8A9P2	PF00128
Q8A1G2	PF07980
Q8A2H4	PF14322
Q8A2H4	PF07980
Q8A115	PF12866
Q8A115	PF18003
Q8A4H3	PF07715
Q8A4H3	PF00593
Q8A8R3	PF00011
Q8AAG7	PF13944
Q8A7V5	PF15418
Q8AA52	PF02563
Q8AA52	PF10531
Q8A1Y5	PF16342
Q8A6D2	PF01497
Q8A4S0	PF00485
Q8AAB1	PF01380
Q8ABG9	PF14322
Q8ABG9	PF07980
Q8A0A8	PF14322
Q8A0A8	PF07980
Q8A9C7	PF01048
Q8A551	PF02518
Q8A551	PF00512
Q8A551	PF12833
Q8A551	PF07494
Q8A551	PF00072
Q8A551	PF07495
Q8A3W2	PF01220
Q8A582	PF01381
Q8A174	PF03663
Q8A6B0	PF01966
Q8A6B0	PF01743
Q8A6B0	PF12627
Q89YY0	PF09820
Q89YY0	PF08011
Q8A0L6	PF17415
Q8A0L6	PF12667
Q8A1C6	PF09603
Q8A239	PF04616
Q8AAC0	PF00543
Q8A1P5	PF00248
Q8A3Z8	PF14322
Q8A3Z8	PF07980
Q89ZC2	PF02754
Q8A6W4	PF14322
Q8A6W4	PF07980
Q8AB59	PF02559
Q8AB59	PF00270
Q8AB59	PF00271
Q8AB59	PF03461
Q8AB59	PF17757
Q89ZZ2	PF04326
Q89ZZ2	PF13749
Q89ZZ2	PF08279
Q8A179	PF01833
Q8A5L9	PF01640
Q8A177	PF14322
Q8A177	PF07980
Q8A0R2	PF14322
Q8A0R2	PF07980
Q8AA29	PF05569
Q8A046	PF18370
Q8A6Y5	PF13505
Q8A1Y8	PF14322
Q8A1Y8	PF07980
Q8A382	PF01207
Q8A894	PF07715
Q8A894	PF07660
Q8A4H2	PF01436
Q8A4H2	PF01833
Q8A116	PF14322
Q8A116	PF07980
Q8A5W3	PF07479
Q8A5W3	PF01210
G8JZS6	PF17142
G8JZS6	PF16411
Q8A0X2	PF03965
Q89Z76	PF00849
Q8A112	PF14323
Q8A112	PF16216
Q8A8P3	PF17293
Q8A8P3	PF13102
Q89YT4	PF04542
Q89YT4	PF08281
Q8A7S4	PF01039
Q8A5R7	PF16344
Q8A5R7	PF04773
Q8A9B9	PF01734
Q8A4M1	PF00753
Q8A794	PF07715
Q8A794	PF00593
Q8A0V8	PF16437
Q8A0U0	PF01227
Q8AAU8	PF02518
Q8AAU8	PF00512
Q8AAU8	PF12833
Q8AAU8	PF07494
Q8AAU8	PF00072
Q8AAU8	PF07495
Q8AAA0	PF00011
Q8A111	PF16342
Q8A995	PF11396
Q8A2Z0	PF00588
Q8A9P6	PF09365
Q8A4H4	PF14322
Q8A4H4	PF07980
Q8A909	PF00326
Q8A8F7	PF01654
Q8A7T2	PF00202
Q8A7T2	PF06968
Q8A7T2	PF04055
Q8A2H6	PF16378
Q8A1R8	PF16147
Q8A5L6	PF13181
Q8A199	PF00465
